dataset,axis,level,n_frames,pct_in_fov,fov_ratio_vs_base,n_objects,in_box_all,px_shift_median,in_box_near,n_near,in_box_mid,n_mid,in_box_far,n_far,in_box_rel_to_base
kitti_mini,yaw,0.0,20,0.1575,1.0,107,0.9296,0.0,0.7896,32,0.9829,40,0.9966,35,1.0
kitti_mini,yaw,0.5,20,0.1576,1.0004,107,0.835,6.6786,0.7723,32,0.8831,40,0.8372,35,0.8982
kitti_mini,yaw,1.0,20,0.1576,1.0006,107,0.6857,13.3333,0.7352,32,0.7137,40,0.6083,35,0.7376
kitti_mini,yaw,2.0,20,0.1577,1.0007,107,0.4752,26.6692,0.6255,32,0.5127,40,0.2947,35,0.5112
kitti_mini,yaw,3.0,20,0.1577,1.0013,107,0.3542,39.9822,0.5523,32,0.3841,40,0.1391,35,0.3811
kitti_mini,tx,0.0,20,0.1575,1.0,107,0.9296,0.0,0.7896,32,0.9829,40,0.9966,35,1.0
kitti_mini,tx,0.02,20,0.1581,1.0034,107,0.9304,0.1402,0.7917,32,0.9833,40,0.9966,35,1.0008
kitti_mini,tx,0.05,20,0.1592,1.0106,107,0.931,0.3502,0.7943,32,0.9836,40,0.9959,35,1.0015
kitti_mini,tx,0.1,20,0.1608,1.0208,107,0.9317,0.6991,0.797,32,0.9833,40,0.9959,35,1.0023
kitti_mini,ty,0.0,20,0.1575,1.0,107,0.9296,0.0,0.7896,32,0.9829,40,0.9966,35,1.0
kitti_mini,ty,0.02,20,0.1576,1.0001,107,0.9279,0.6839,0.7889,32,0.9809,40,0.9945,35,0.9982
kitti_mini,ty,0.05,20,0.1576,1.0002,107,0.9235,1.7097,0.7853,32,0.9741,40,0.9922,35,0.9935
kitti_mini,ty,0.1,20,0.1576,1.0004,107,0.9113,3.4195,0.776,32,0.9549,40,0.9853,35,0.9804
nuscenes_mini_subset,yaw,0.0,20,0.0876,1.0,80,0.8125,0.0,0.5398,24,0.9232,45,0.9545,11,1.0
nuscenes_mini_subset,yaw,0.5,20,0.0876,0.9991,80,0.795,12.8716,0.5377,24,0.8972,45,0.9379,11,0.9784
nuscenes_mini_subset,yaw,1.0,20,0.0876,0.9991,80,0.7608,25.6331,0.5328,24,0.8601,45,0.8521,11,0.9364
nuscenes_mini_subset,yaw,2.0,20,0.0875,0.9985,80,0.6561,51.2563,0.5057,24,0.7377,45,0.6508,11,0.8076
nuscenes_mini_subset,yaw,3.0,20,0.0875,0.9977,80,0.5224,76.9714,0.429,24,0.5955,45,0.4271,11,0.6429
nuscenes_mini_subset,tx,0.0,20,0.0876,1.0,80,0.8125,0.0,0.5398,24,0.9232,45,0.9545,11,1.0
nuscenes_mini_subset,tx,0.02,20,0.0876,1.0,80,0.8131,1.5018,0.5416,24,0.9232,45,0.9545,11,1.0007
nuscenes_mini_subset,tx,0.05,20,0.0877,1.0003,80,0.8108,3.7545,0.5423,24,0.9211,45,0.9455,11,0.998
nuscenes_mini_subset,tx,0.1,20,0.0877,1.0004,80,0.8119,7.5088,0.5414,24,0.9235,45,0.9455,11,0.9993
nuscenes_mini_subset,ty,0.0,20,0.0876,1.0,80,0.8125,0.0,0.5398,24,0.9232,45,0.9545,11,1.0
nuscenes_mini_subset,ty,0.02,20,0.088,1.0042,80,0.813,0.5802,0.5413,24,0.9232,45,0.9545,11,1.0006
nuscenes_mini_subset,ty,0.05,20,0.0885,1.0097,80,0.8143,1.4484,0.5458,24,0.9232,45,0.9545,11,1.0022
nuscenes_mini_subset,ty,0.1,20,0.0893,1.0188,80,0.8159,2.8895,0.5483,24,0.9248,45,0.9545,11,1.0042
